﻿<?xml version="1.0" encoding="utf-8" ?>
<Courses>
  <Course>
    <Name>SharePoint 2013 App Development</Name>
    <Level>Advanced</Level>
    <Duration>3 Days</Duration>
    <Trainer>Alex Darrow</Trainer>
    <Noofseats>10</Noofseats>
  </Course>
  <Course>
    <Name>Yammer Integration</Name>
    <Level>Advanced</Level>
    <Duration>3 Days</Duration>
    <Trainer>Alex Darrow</Trainer>
    <Noofseats>10</Noofseats>
  </Course>
  <Course>
    <Name>Microsoft AX for Developer</Name>
    <Level>Advanced</Level>
    <Duration>3 Days</Duration>
    <Trainer>Alex Darrow</Trainer>
    <Noofseats>10</Noofseats>
  </Course>
  <Course>
    <Name>C# 4.5 for Developer</Name>
    <Level>Advanced</Level>
    <Duration>2 Days</Duration>
    <Trainer>Alex Darrow</Trainer>
    <Noofseats>10</Noofseats>
  </Course>
</Courses>
